dataset_type,size,algorithm,run,makespan,di,ru,throughput,art,sched_ms
gocj,100,Sufferage (LBMM),1,263.8666,3.0815,34.4747,0.3790,57.6292,19.444
gocj,100,Sufferage (LBMM),2,263.8666,3.0815,34.4747,0.3790,57.6292,4.231
gocj,100,Sufferage (LBMM),3,263.8666,3.0815,34.4747,0.3790,57.6292,5.642
gocj,100,Round Robin (baseline),1,620.1772,1.9540,20.1995,0.1612,112.4703,0.120
gocj,100,Round Robin (baseline),2,620.1772,1.9540,20.1995,0.1612,112.4703,0.049
gocj,100,Round Robin (baseline),3,620.1772,1.9540,20.1995,0.1612,112.4703,0.055
gocj,200,Sufferage (LBMM),1,349.6034,1.8024,54.8034,0.5721,105.8342,24.778
gocj,200,Sufferage (LBMM),2,349.6034,1.8024,54.8034,0.5721,105.8342,26.455
gocj,200,Sufferage (LBMM),3,349.6034,1.8024,54.8034,0.5721,105.8342,22.873
gocj,200,Round Robin (baseline),1,933.2211,1.2774,26.2367,0.2143,207.6793,0.144
gocj,200,Round Robin (baseline),2,933.2211,1.2774,26.2367,0.2143,207.6793,0.062
gocj,200,Round Robin (baseline),3,933.2211,1.2774,26.2367,0.2143,207.6793,0.091
gocj,300,Sufferage (LBMM),1,456.4768,1.4698,65.1643,0.6572,165.9523,52.437
gocj,300,Sufferage (LBMM),2,456.4768,1.4698,65.1643,0.6572,165.9523,53.342
gocj,300,Sufferage (LBMM),3,456.4768,1.4698,65.1643,0.6572,165.9523,45.608
gocj,300,Round Robin (baseline),1,1284.4433,1.1421,29.3624,0.2336,310.9879,0.148
gocj,300,Round Robin (baseline),2,1284.4433,1.1421,29.3624,0.2336,310.9879,0.104
gocj,300,Round Robin (baseline),3,1284.4433,1.1421,29.3624,0.2336,310.9879,0.085
gocj,400,Sufferage (LBMM),1,442.9284,1.4512,84.0660,0.9031,199.6115,61.042
gocj,400,Sufferage (LBMM),2,442.9284,1.4512,84.0660,0.9031,199.6115,55.752
gocj,400,Sufferage (LBMM),3,442.9284,1.4512,84.0660,0.9031,199.6115,35.627
gocj,400,Round Robin (baseline),1,1655.5489,1.0528,28.0173,0.2416,363.1592,0.074
gocj,400,Round Robin (baseline),2,1655.5489,1.0528,28.0173,0.2416,363.1592,0.071
gocj,400,Round Robin (baseline),3,1655.5489,1.0528,28.0173,0.2416,363.1592,0.088
gocj,500,Sufferage (LBMM),1,602.4250,1.4319,77.3557,0.8300,250.7008,44.528
gocj,500,Sufferage (LBMM),2,602.4250,1.4319,77.3557,0.8300,250.7008,40.805
gocj,500,Sufferage (LBMM),3,602.4250,1.4319,77.3557,0.8300,250.7008,38.366
gocj,500,Round Robin (baseline),1,2005.4467,1.0847,29.0557,0.2493,460.9372,0.056
gocj,500,Round Robin (baseline),2,2005.4467,1.0847,29.0557,0.2493,460.9372,0.061
gocj,500,Round Robin (baseline),3,2005.4467,1.0847,29.0557,0.2493,460.9372,0.060
gocj,600,Sufferage (LBMM),1,724.8739,1.4200,81.4193,0.8277,308.9955,69.241
gocj,600,Sufferage (LBMM),2,724.8739,1.4200,81.4193,0.8277,308.9955,58.409
gocj,600,Sufferage (LBMM),3,724.8739,1.4200,81.4193,0.8277,308.9955,56.790
gocj,600,Round Robin (baseline),1,3172.5517,1.5365,23.5903,0.1891,600.7443,0.068
gocj,600,Round Robin (baseline),2,3172.5517,1.5365,23.5903,0.1891,600.7443,0.105
gocj,600,Round Robin (baseline),3,3172.5517,1.5365,23.5903,0.1891,600.7443,0.070
gocj,700,Sufferage (LBMM),1,755.1879,1.4172,83.1790,0.9269,339.4816,90.108
gocj,700,Sufferage (LBMM),2,755.1879,1.4172,83.1790,0.9269,339.4816,83.242
gocj,700,Sufferage (LBMM),3,755.1879,1.4172,83.1790,0.9269,339.4816,96.667
gocj,700,Round Robin (baseline),1,3434.6622,1.4276,24.5110,0.2038,759.3273,0.083
gocj,700,Round Robin (baseline),2,3434.6622,1.4276,24.5110,0.2038,759.3273,0.086
gocj,700,Round Robin (baseline),3,3434.6622,1.4276,24.5110,0.2038,759.3273,0.100
gocj,800,Sufferage (LBMM),1,840.5726,1.4076,84.5344,0.9517,382.9778,109.820
gocj,800,Sufferage (LBMM),2,840.5726,1.4076,84.5344,0.9517,382.9778,90.583
gocj,800,Sufferage (LBMM),3,840.5726,1.4076,84.5344,0.9517,382.9778,85.408
gocj,800,Round Robin (baseline),1,3335.8806,1.0872,27.5896,0.2398,789.9760,0.073
gocj,800,Round Robin (baseline),2,3335.8806,1.0872,27.5896,0.2398,789.9760,0.121
gocj,800,Round Robin (baseline),3,3335.8806,1.0872,27.5896,0.2398,789.9760,0.078
gocj,900,Sufferage (LBMM),1,993.1553,1.3931,86.8391,0.9062,432.4491,111.694
gocj,900,Sufferage (LBMM),2,993.1553,1.3931,86.8391,0.9062,432.4491,103.441
gocj,900,Sufferage (LBMM),3,993.1553,1.3931,86.8391,0.9062,432.4491,108.446
gocj,900,Round Robin (baseline),1,4067.2211,1.1818,27.8963,0.2213,923.3037,0.102
gocj,900,Round Robin (baseline),2,4067.2211,1.1818,27.8963,0.2213,923.3037,0.113
gocj,900,Round Robin (baseline),3,4067.2211,1.1818,27.8963,0.2213,923.3037,0.209
gocj,1000,Sufferage (LBMM),1,1095.3455,1.3944,85.0989,0.9130,476.2895,195.499
gocj,1000,Sufferage (LBMM),2,1095.3455,1.3944,85.0989,0.9130,476.2895,135.878
gocj,1000,Sufferage (LBMM),3,1095.3455,1.3944,85.0989,0.9130,476.2895,138.610
gocj,1000,Round Robin (baseline),1,4608.4400,1.1551,26.3575,0.2170,948.0869,0.090
gocj,1000,Round Robin (baseline),2,4608.4400,1.1551,26.3575,0.2170,948.0869,0.086
gocj,1000,Round Robin (baseline),3,4608.4400,1.1551,26.3575,0.2170,948.0869,0.093
