dataset_type,size,algorithm,makespan_mean,makespan_std,di_mean,di_std,ru_mean,ru_std,throughput_mean,throughput_std,art_mean,art_std,sched_ms_mean,sched_ms_std
gocj,100,Round Robin (baseline),620.1772,0.0000,1.9540,0.0000,20.1995,0.0000,0.1612,0.0000,112.4703,0.0000,0.0747,0.0394
gocj,100,Sufferage (LBMM),263.8666,0.0000,3.0815,0.0000,34.4747,0.0000,0.3790,0.0000,57.6292,0.0000,9.7723,8.4056
gocj,200,Round Robin (baseline),933.2211,0.0000,1.2774,0.0000,26.2367,0.0000,0.2143,0.0000,207.6793,0.0000,0.0990,0.0416
gocj,200,Sufferage (LBMM),349.6034,0.0000,1.8024,0.0000,54.8034,0.0000,0.5721,0.0000,105.8342,0.0000,24.7020,1.7922
gocj,300,Round Robin (baseline),1284.4433,0.0000,1.1421,0.0000,29.3624,0.0000,0.2336,0.0000,310.9879,0.0000,0.1123,0.0323
gocj,300,Sufferage (LBMM),456.4768,0.0000,1.4698,0.0000,65.1643,0.0000,0.6572,0.0000,165.9523,0.0000,50.4623,4.2283
gocj,400,Round Robin (baseline),1655.5489,0.0000,1.0528,0.0000,28.0173,0.0000,0.2416,0.0000,363.1592,0.0000,0.0777,0.0091
gocj,400,Sufferage (LBMM),442.9284,0.0000,1.4512,0.0000,84.0660,0.0000,0.9031,0.0000,199.6115,0.0000,50.8070,13.4097
gocj,500,Round Robin (baseline),2005.4467,0.0000,1.0847,0.0000,29.0557,0.0000,0.2493,0.0000,460.9372,0.0000,0.0590,0.0026
gocj,500,Sufferage (LBMM),602.4250,0.0000,1.4319,0.0000,77.3557,0.0000,0.8300,0.0000,250.7008,0.0000,41.2330,3.1032
gocj,600,Round Robin (baseline),3172.5517,0.0000,1.5365,0.0000,23.5903,0.0000,0.1891,0.0000,600.7443,0.0000,0.0810,0.0208
gocj,600,Sufferage (LBMM),724.8739,0.0000,1.4200,0.0000,81.4193,0.0000,0.8277,0.0000,308.9955,0.0000,61.4800,6.7698
gocj,700,Round Robin (baseline),3434.6622,0.0000,1.4276,0.0000,24.5110,0.0000,0.2038,0.0000,759.3273,0.0000,0.0897,0.0091
gocj,700,Sufferage (LBMM),755.1879,0.0000,1.4172,0.0000,83.1790,0.0000,0.9269,0.0000,339.4816,0.0000,90.0057,6.7131
gocj,800,Round Robin (baseline),3335.8806,0.0000,1.0872,0.0000,27.5896,0.0000,0.2398,0.0000,789.9760,0.0000,0.0907,0.0264
gocj,800,Sufferage (LBMM),840.5726,0.0000,1.4076,0.0000,84.5344,0.0000,0.9517,0.0000,382.9778,0.0000,95.2703,12.8633
gocj,900,Round Robin (baseline),4067.2211,0.0000,1.1818,0.0000,27.8963,0.0000,0.2213,0.0000,923.3037,0.0000,0.1413,0.0589
gocj,900,Sufferage (LBMM),993.1553,0.0000,1.3931,0.0000,86.8391,0.0000,0.9062,0.0000,432.4491,0.0000,107.8603,4.1576
gocj,1000,Round Robin (baseline),4608.4400,0.0000,1.1551,0.0000,26.3575,0.0000,0.2170,0.0000,948.0869,0.0000,0.0897,0.0035
gocj,1000,Sufferage (LBMM),1095.3455,0.0000,1.3944,0.0000,85.0989,0.0000,0.9130,0.0000,476.2895,0.0000,156.6623,33.6613
sintetis,1000,Round Robin (baseline),1911.7081,60.3222,1.1399,0.0514,27.7124,0.7609,0.5234,0.0164,446.0321,15.9689,0.4150,0.2088
sintetis,1000,Sufferage (LBMM),438.6365,15.0963,1.3893,0.0060,92.8447,3.4080,2.2816,0.0776,227.5929,4.5160,533.2607,216.2056
sintetis,2000,Round Robin (baseline),3776.4180,444.5256,1.0719,0.1161,28.0956,3.1685,0.5343,0.0603,841.0113,2.0906,0.4063,0.1298
sintetis,2000,Sufferage (LBMM),865.4782,9.2784,1.3802,0.0031,94.0801,0.6073,2.3110,0.0247,432.7524,3.3587,1190.6147,179.9584
sintetis,3000,Round Robin (baseline),5313.0683,306.7098,0.9390,0.0817,29.6012,1.6605,0.5659,0.0319,1259.5013,13.3373,0.6960,0.3599
sintetis,3000,Sufferage (LBMM),1274.1813,6.0973,1.3744,0.0022,95.5955,0.1691,2.3545,0.0113,642.9737,6.3968,3010.5517,367.9380
sintetis,4000,Round Robin (baseline),7122.9202,258.4418,0.9384,0.0484,29.6560,1.0486,0.5621,0.0205,1699.0740,10.0587,0.7040,0.1738
sintetis,4000,Sufferage (LBMM),1678.4790,5.9655,1.3687,0.0035,97.2649,0.3466,2.3831,0.0085,867.7750,9.0473,3164.8047,494.6645
sintetis,5000,Round Robin (baseline),8695.4894,311.9614,0.8810,0.0596,30.3052,0.9326,0.5755,0.0203,2100.7192,13.3527,0.9130,0.3560
sintetis,5000,Sufferage (LBMM),2087.3185,7.3120,1.3685,0.0020,97.8546,0.2848,2.3954,0.0083,1085.5255,14.0854,4203.1607,90.3834
sintetis,6000,Round Robin (baseline),10098.8639,70.7442,0.8508,0.0234,31.2796,0.2622,0.5941,0.0041,2552.9462,30.8496,1.0843,0.2738
sintetis,6000,Sufferage (LBMM),2494.7564,9.6610,1.3684,0.0021,98.0602,0.1499,2.4051,0.0093,1296.2752,10.4573,6398.6620,306.6111
sintetis,7000,Round Robin (baseline),11988.7400,273.3883,0.8646,0.0486,30.7847,0.5718,0.5841,0.0134,2949.9349,33.6409,0.4370,0.0493
sintetis,7000,Sufferage (LBMM),2901.1394,2.3575,1.3667,0.0015,98.2898,0.1285,2.4129,0.0019,1506.6229,6.6576,9091.8333,716.8326
sintetis,8000,Round Robin (baseline),13885.1091,236.6150,0.8992,0.0525,30.3641,0.4756,0.5763,0.0098,3383.1144,13.5560,0.8307,0.3187
sintetis,8000,Sufferage (LBMM),3327.4018,9.8286,1.3649,0.0003,98.2704,0.1348,2.4043,0.0071,1751.2149,15.9908,13274.1747,2369.9329
sintetis,9000,Round Robin (baseline),14733.6369,343.1182,0.8218,0.0310,32.1117,0.8153,0.6111,0.0141,3776.2329,77.1616,0.5433,0.1523
sintetis,9000,Sufferage (LBMM),3726.8374,5.1444,1.3648,0.0010,98.4713,0.1470,2.4149,0.0033,1940.2705,25.2386,15375.5050,432.7884
sintetis,10000,Round Robin (baseline),16557.2531,51.1208,0.8063,0.0136,31.7276,0.2232,0.6039,0.0019,4192.0004,64.6694,0.4197,0.0608
sintetis,10000,Sufferage (LBMM),4141.5787,12.4351,1.3643,0.0004,98.4137,0.1867,2.4146,0.0073,2171.2851,13.6357,18833.9123,468.7242
